{"cameraMode":{"drawMode":0,"name":"Shaded","section":"Shading Mode"},"sceneLighting":true,"audioPlay":false,"sceneViewState":{"m_AlwaysRefresh":false,"showFog":true,"showSkybox":true,"showFlares":true,"showImageEffects":true,"showParticleSystems":true,"showVisualEffectGraphs":true,"m_FxEnabled":true},"in2DMode":false,"pivot":{"x":0.7835261821746826,"y":0.4450371265411377,"z":-0.21433047950267793},"rotation":{"x":0.03561835736036301,"y":-0.8051463961601257,"z":0.5900067687034607,"w":0.04860619828104973},"size":1.7185522317886353,"orthographic":false}